[
  {
    "baseType": 3,
    "name": "Path to Playbook",
    "defaultValue": "",
    "description": "",
    "helpText": "",
    "isSystem": false,
    "minLength": 0,
    "maxLength": 30,
    "validationRegex": "",
    "isValidate": false,
    "uuid": "b04b68c0-ae98-47a3-96e8-d13392a5f12e"
  },
  {
    "baseType": 3,
    "name": "Playbook Error",
    "defaultValue": "",
    "description": "",
    "helpText": "",
    "isSystem": false,
    "minLength": 0,
    "maxLength": 3000,
    "validationRegex": "",
    "isValidate": false,
    "uuid": "2311dfeb-2714-4bf5-bbd9-12b20492c7ea"
  },
  {
    "baseType": 1,
    "name": "Playbook Exit Code",
    "description": "",
    "helpText": "",
    "isSystem": false,
    "minValue": "",
    "maxValue": "",
    "units": "",
    "uuid": "495f74ca-2811-4622-95dc-feb3f832aa32"
  },
  {
    "baseType": 3,
    "name": "Playbook Output",
    "defaultValue": "",
    "description": "",
    "helpText": "",
    "isSystem": false,
    "minLength": 0,
    "maxLength": 3000,
    "validationRegex": "",
    "isValidate": false,
    "uuid": "c9b60148-cfc8-4fb8-ab0c-47907e4f50be"
  },
  {
    "baseType": 3,
    "name": "Username",
    "defaultValue": "",
    "description": "",
    "helpText": "",
    "isSystem": false,
    "minLength": 0,
    "maxLength": 30,
    "validationRegex": "",
    "isValidate": false,
    "uuid": "98654e24-5545-4e8d-845e-547f42e0de9c"
  }
]