[
  {
    "id": "28ef1d9f-9827-4e17-9d89-b0f0613c16f0",
    "name": "Run Playbook",
    "description": "",
    "icon": "http://s3-xmatters-static.s3.amazonaws.com/null/customers/99cee7bb-651f-4a52-b7fe-3a9af00d22f9/IMAGE__20191001182415648__ansible-icon.png",
    "script": "var Shell = require('xm-shell')\n// create a script and pass some parameters into it.\nvar script = Shell.script(function () {/*#### PLACE YOUR BASH SCRIPT BETWEEN HERE ####\necho \"test\" > test\nansible-playbook ${playbook} -u ${username}\n#### AND HERE #### */},\n{playbook: input['Path to Playbook'], username: input['Username']});\n\n// Execute the script. \noutput['Output'] = Shell.exec('bash', script).output();\noutput['Exit Code'] = Shell.exec('bash', script).exitCode();    \noutput['Error'] = Shell.exec('bash', script).error();",
    "allowedEnvironment": "ONPREMISE",
    "accessibleByAll": "NotShared",
    "scriptStepType": "USER",
    "inputs": [
      {
        "id": "8071188d-cdef-4bc2-b647-488cd612b451",
        "name": "Path to Playbook",
        "helpText": "Absolute path to playbook",
        "defaultValue": "",
        "multiline": false,
        "required": true,
        "maxLength": 2000,
        "minLength": 0,
        "position": 0
      },
      {
        "id": "cf713e34-2730-4a2d-92d7-f65fd5ac0e79",
        "name": "Username",
        "helpText": "Username authenticated to run the playbook",
        "defaultValue": "",
        "multiline": false,
        "required": true,
        "maxLength": 2000,
        "minLength": 0,
        "position": 1
      }
    ],
    "outputs": [
      {
        "id": "c4bee446-4bdb-4c29-8cd7-cb3b0c36f4ec",
        "name": "Output",
        "position": 0
      },
      {
        "id": "ee86e749-34c3-4bd1-842d-22a375340154",
        "name": "Exit Code",
        "position": 1
      },
      {
        "id": "2637ac06-29c5-4c21-95b7-c38acb4ede1e",
        "name": "Error",
        "position": 2
      }
    ]
  }
]