{
  "name": "Run Playbook Workflow",
  "form": "aec44dae-d96b-4c77-88ba-0dc3e0121554",
  "blocks": [
    {
      "id": "8bacbe62-5a73-4250-bf15-38aded9e8aac",
      "label": "Responses",
      "presentation": "{\"w\":100,\"x\":-252,\"h\":50,\"y\":-243}",
      "stepType": "RESPONSES"
    },
    {
      "id": "7a1fa522-2367-441e-a25d-33f5a808a6b9",
      "label": "Run Playbook",
      "presentation": "{}",
      "step": "f8747f2b-15e0-42fc-96ca-7f1d8b2bc161",
      "stepType": "INTEGRATION"
    },
    {
      "id": "ac439e1b-604d-4002-b011-36228af2064c",
      "label": "Run Playbook",
      "presentation": "{\"w\":60,\"x\":-73,\"h\":60,\"y\":-89}",
      "step": "28ef1d9f-9827-4e17-9d89-b0f0613c16f0",
      "stepType": "SCRIPT_STEP"
    }
  ],
  "edges": [
    {
      "fromBlock": "7a1fa522-2367-441e-a25d-33f5a808a6b9",
      "fromPort": "output",
      "toBlock": "ac439e1b-604d-4002-b011-36228af2064c",
      "toPort": "input"
    }
  ]
}